{
    "interactionModel": {
        "languageModel": {
            "invocationName": "travel bud",
            "intents": [
                {
                    "name": "AMAZON.FallbackIntent",
                    "samples": []
                },
                {
                    "name": "AMAZON.CancelIntent",
                    "samples": []
                },
                {
                    "name": "AMAZON.HelpIntent",
                    "samples": []
                },
                {
                    "name": "AMAZON.StopIntent",
                    "samples": []
                },
                {
                    "name": "WhatsMyColorIntent",
                    "slots": [],
                    "samples": [
                        "tell me what is my favorite color",
                        "whats my favorite color",
                        "say my color",
                        "say my favorite color",
                        "tell me my favorite color",
                        "what is my favorite color",
                        "what is my color",
                        "whats my color"
                    ]
                },
                {
                    "name": "LocationIntent",
                    "slots": [
                        {
                            "name": "departLocation",
                            "type": "AMAZON.Location"
                        },
                      {
                        "name": "arriveLocation",
                        "type": "AMAZON.Location"

                      }
                    ],
                    "samples": [
                        "The city I'm traveling from is {departLocation}"
                    ]
                }

            ],
            "types": []
        }
    }
}